text,sentiment
"Absolutely love this leather bag! The quality is top notch and it holds all my essentials comfortably.",Positive
"Great quality shoes. Fitting is perfect and super comfortable for daily wear.",Positive
"Fast delivery and excellent customer support when I needed to change my address.",Positive
"The dress looks beautiful in person and fits true to size. Will definitely order again!",Positive
"High quality electronics item. Packaging was secure and works flawlessly.",Positive
"Soft material and gorgeous color. Exceeded my expectations for the price.",Positive
"Wonderful shopping experience! Staff at the store were extremely helpful.",Positive
"Amazing product quality and very sleek modern design.",Positive
"Super fast shipping! Arrived 2 days earlier than estimated.",Positive
"The jacket fits perfectly and keeps me warm. Outstanding value.",Positive
"Decent quality for the price. Nothing special but gets the job done.",Neutral
"Average product. Material feels a bit thinner than expected, but acceptable.",Neutral
"Delivery took 5 days instead of 3. Product is fine overall.",Neutral
"Sizing is slightly tight around shoulders, but readable guide helped.",Neutral
"Standard packaging, product works as described in the catalog.",Neutral
"Okay product. Does what it says, but could be packaged better.",Neutral
"Color is slightly different than shown on website, but still usable.",Neutral
"Normal quality item. Neither bad nor exceptional.",Neutral
"The item arrived intact. Standard store experience.",Neutral
"Fits okay, quality is moderate. Average overall purchase.",Neutral
"Terrible experience. The package arrived damaged and missing items!",Negative
"Very poor quality fabric. Faded after just one wash, very disappointed.",Negative
"Awful customer service. Was put on hold for 40 minutes and no resolution given.",Negative
"The shoes broke within two days of wearing. Waste of money!",Negative
"Incorrect size delivered twice! Returning this immediately.",Negative
"Defective electronics unit. Wouldn't turn on out of the box.",Negative
"Extremely slow shipping. Took almost three weeks to arrive.",Negative
"Material feels cheap and plastic. Does not match description at all.",Negative
"Misleading product description and size chart is completely wrong.",Negative
"Worst retail purchase ever. Will never buy from this store again.",Negative
